ip,port,level,https,now
191.96.16.188,3129,elite proxy,no,2021-03-25_17:19:20
198.24.169.234,8080,elite proxy,no,2021-03-25_17:19:20
206.189.184.46,80,elite proxy,no,2021-03-25_17:19:20
132.145.148.146,80,elite proxy,no,2021-03-25_17:19:20
98.179.152.138,3128,elite proxy,no,2021-03-25_17:19:20
191.96.16.66,3129,elite proxy,no,2021-03-25_17:19:20
34.68.216.223,8080,elite proxy,no,2021-03-25_17:19:20
191.96.16.48,3129,elite proxy,no,2021-03-25_17:19:20
193.122.144.192,80,elite proxy,no,2021-03-25_17:19:20
191.96.16.186,3129,elite proxy,no,2021-03-25_17:19:20
191.96.16.20,3129,elite proxy,no,2021-03-25_17:19:20
98.215.34.166,8080,elite proxy,no,2021-03-25_17:19:20
34.206.72.140,80,elite proxy,no,2021-03-25_17:19:20
191.96.16.47,3129,elite proxy,no,2021-03-25_17:19:20
191.96.16.4,3129,elite proxy,no,2021-03-25_17:19:20
191.96.16.147,3129,elite proxy,no,2021-03-25_17:19:20
159.89.237.207,80,elite proxy,no,2021-03-25_17:19:20
196.19.14.19,3128,elite proxy,no,2021-03-25_17:19:20
191.96.16.41,3129,elite proxy,no,2021-03-25_17:19:20
196.19.14.246,3128,elite proxy,no,2021-03-25_17:19:20
191.96.16.96,3129,elite proxy,no,2021-03-25_17:19:20
23.92.27.50,80,elite proxy,no,2021-03-25_17:19:20
191.96.16.119,3129,elite proxy,no,2021-03-25_17:19:20
159.65.171.69,80,elite proxy,no,2021-03-25_17:19:20
191.96.16.237,3129,elite proxy,no,2021-03-25_17:19:20
50.246.120.125,8080,elite proxy,no,2021-03-25_17:19:20
69.167.174.17,80,elite proxy,no,2021-03-25_17:19:20
196.19.14.100,3128,elite proxy,no,2021-03-25_17:19:20
191.96.16.21,3129,elite proxy,no,2021-03-25_17:19:20
196.19.14.35,3128,elite proxy,no,2021-03-25_17:19:20
191.96.16.80,3129,elite proxy,no,2021-03-25_17:19:20
104.238.81.186,56227,elite proxy,no,2021-03-25_17:19:20
63.249.67.70,53281,elite proxy,no,2021-03-25_17:19:20
191.96.16.6,3129,elite proxy,no,2021-03-25_17:19:20
191.96.16.98,3129,elite proxy,no,2021-03-25_17:19:20
192.232.196.228,80,elite proxy,no,2021-03-25_17:19:20
191.96.16.241,3129,elite proxy,no,2021-03-25_17:19:20
91.149.203.9,3128,elite proxy,no,2021-03-25_17:19:20
99.192.170.250,80,elite proxy,no,2021-03-25_17:19:20
191.96.16.85,3129,elite proxy,no,2021-03-25_17:19:20
